-- phpMyAdmin SQL Dump
-- version 4.9.0.1
-- https://www.phpmyadmin.net/
--
-- Хост: 127.0.0.1:3306
-- Время создания: Ноя 30 2020 г., 10:51
-- Версия сервера: 10.3.13-MariaDB-log
-- Версия PHP: 7.3.9

SET SQL_MODE = "NO_AUTO_VALUE_ON_ZERO";
SET AUTOCOMMIT = 0;
START TRANSACTION;
SET time_zone = "+00:00";


/*!40101 SET @OLD_CHARACTER_SET_CLIENT=@@CHARACTER_SET_CLIENT */;
/*!40101 SET @OLD_CHARACTER_SET_RESULTS=@@CHARACTER_SET_RESULTS */;
/*!40101 SET @OLD_COLLATION_CONNECTION=@@COLLATION_CONNECTION */;
/*!40101 SET NAMES utf8mb4 */;

--
-- База данных: `id15531407_db`
--

-- --------------------------------------------------------

--
-- Структура таблицы `answers`
--

CREATE TABLE `answers` (
  `id` int(11) NOT NULL COMMENT 'Идентификатор',
  `user` int(11) NOT NULL COMMENT 'Автор ответа',
  `task` int(11) DEFAULT NULL COMMENT 'Задание',
  `created_dt` datetime NOT NULL DEFAULT current_timestamp() COMMENT 'Дата создание записи',
  `update_dt` datetime NOT NULL DEFAULT current_timestamp() COMMENT 'Дата обновления записи',
  `res` varchar(50) COLLATE utf8mb4_unicode_ci DEFAULT NULL COMMENT 'Ответ'
) ENGINE=InnoDB DEFAULT CHARSET=utf8mb4 COLLATE=utf8mb4_unicode_ci COMMENT='Ответы пользователей';

--
-- Дамп данных таблицы `answers`
--

INSERT INTO `answers` (`id`, `user`, `task`, `created_dt`, `update_dt`, `res`) VALUES
(11, 5, 59, '2020-11-30 10:29:53', '2020-11-30 10:29:53', '120'),
(12, 5, 62, '2020-11-30 10:30:11', '2020-11-30 10:30:11', '120'),
(13, 5, 63, '2020-11-30 10:30:15', '2020-11-30 10:30:15', '120'),
(14, 5, 64, '2020-11-30 10:30:17', '2020-11-30 10:30:17', '121'),
(15, 5, 71, '2020-11-30 10:30:20', '2020-11-30 10:30:20', '121'),
(16, 8, 66, '2020-11-30 10:30:42', '2020-11-30 10:30:42', '121'),
(17, 8, 67, '2020-11-30 10:30:46', '2020-11-30 10:30:46', '120'),
(18, 8, 86, '2020-11-30 10:30:56', '2020-11-30 10:30:56', '120');

-- --------------------------------------------------------

--
-- Структура таблицы `groups`
--

CREATE TABLE `groups` (
  `id` int(11) NOT NULL COMMENT 'Идентификатор',
  `name` varchar(50) COLLATE utf8mb4_unicode_ci NOT NULL COMMENT 'Наименование',
  `created_dt` datetime NOT NULL DEFAULT current_timestamp() COMMENT 'Дата создание записи',
  `update_dt` datetime NOT NULL DEFAULT current_timestamp() COMMENT 'Дата обновления записи'
) ENGINE=InnoDB DEFAULT CHARSET=utf8mb4 COLLATE=utf8mb4_unicode_ci COMMENT='Учебные группы';

--
-- Дамп данных таблицы `groups`
--

INSERT INTO `groups` (`id`, `name`, `created_dt`, `update_dt`) VALUES
(1, 'Учебная группа 1', '2020-11-23 23:00:28', '2020-11-23 23:00:28'),
(2, 'Учебная группа 2', '2020-11-23 23:00:28', '2020-11-23 23:00:28'),
(3, 'Учебная группа 3', '2020-11-23 23:00:28', '2020-11-23 23:00:28'),
(4, 'Учебная группа 4', '2020-11-23 23:00:28', '2020-11-23 23:00:28'),
(5, 'Учебная группа 5', '2020-11-23 23:00:28', '2020-11-23 23:00:28'),
(6, 'Учебная группа 6', '2020-11-23 23:00:28', '2020-11-23 23:00:28'),
(7, 'Учебная группа 7', '2020-11-23 23:00:28', '2020-11-23 23:00:28'),
(8, 'Учебная группа 8', '2020-11-23 23:00:28', '2020-11-23 23:00:28'),
(9, 'Учебная группа 9', '2020-11-23 23:00:28', '2020-11-23 23:00:28'),
(10, 'Учебная группа 10', '2020-11-30 10:21:02', '2020-11-30 10:21:02');

-- --------------------------------------------------------

--
-- Структура таблицы `roles`
--

CREATE TABLE `roles` (
  `id` int(11) NOT NULL COMMENT 'Идентификатор',
  `name` varchar(50) COLLATE utf8mb4_unicode_ci NOT NULL COMMENT 'Наименование',
  `created_dt` datetime NOT NULL DEFAULT current_timestamp() COMMENT 'Дата создание записи',
  `update_dt` datetime NOT NULL DEFAULT current_timestamp() COMMENT 'Дата обновления записи'
) ENGINE=InnoDB DEFAULT CHARSET=utf8mb4 COLLATE=utf8mb4_unicode_ci COMMENT='Роли пользователей';

--
-- Дамп данных таблицы `roles`
--

INSERT INTO `roles` (`id`, `name`, `created_dt`, `update_dt`) VALUES
(1, 'Преподаватель', '2020-11-23 22:54:44', '2020-11-23 22:54:44'),
(2, 'Студент', '2020-11-23 22:54:44', '2020-11-23 22:54:44');

-- --------------------------------------------------------

--
-- Структура таблицы `tasks`
--

CREATE TABLE `tasks` (
  `id` int(11) NOT NULL COMMENT 'Идентификатор',
  `created_dt` datetime NOT NULL DEFAULT current_timestamp() COMMENT 'Дата создание записи',
  `update_dt` datetime NOT NULL DEFAULT current_timestamp() COMMENT 'Дата обновления записи',
  `author` int(11) NOT NULL COMMENT 'Автор задания',
  `text` text COLLATE utf8mb4_unicode_ci DEFAULT 'ABCDEF - прямая призма. AB = BC = 5 см, AC = 6 см, AD = 10 см. Найдите объем призмы' COMMENT 'Текст задачи',
  `xa1` int(11) DEFAULT -1,
  `ya1` int(11) DEFAULT 0,
  `za1` int(11) DEFAULT 0,
  `xa2` int(11) DEFAULT -1,
  `ya2` int(11) DEFAULT 2,
  `za2` int(11) DEFAULT 0,
  `xb1` int(11) DEFAULT 3,
  `yb1` int(11) DEFAULT 0,
  `zb1` int(11) DEFAULT 0,
  `xb2` int(11) DEFAULT 3,
  `yb2` int(11) DEFAULT 2,
  `zb2` int(11) DEFAULT 0,
  `xc1` int(11) DEFAULT 1,
  `yc1` int(11) DEFAULT 0,
  `zc1` int(11) DEFAULT 2,
  `xc2` int(11) DEFAULT 1,
  `yc2` int(11) DEFAULT 2,
  `zc2` int(11) DEFAULT 2,
  `xl1` int(11) DEFAULT 1,
  `yl1` int(11) DEFAULT 0,
  `zl1` int(11) DEFAULT 0,
  `xl2` int(11) DEFAULT 1,
  `yl2` int(11) DEFAULT 0,
  `zl2` int(11) DEFAULT 2,
  `answer` varchar(50) COLLATE utf8mb4_unicode_ci NOT NULL DEFAULT '120' COMMENT 'Правильный ответ',
  `xl3` int(11) DEFAULT 0,
  `yl3` int(11) DEFAULT 0,
  `zl3` int(11) DEFAULT 0,
  `xl4` int(11) DEFAULT 0,
  `yl4` int(11) DEFAULT 0,
  `zl4` int(11) DEFAULT 0
) ENGINE=InnoDB DEFAULT CHARSET=utf8mb4 COLLATE=utf8mb4_unicode_ci COMMENT='Учебные задания';

--
-- Дамп данных таблицы `tasks`
--

INSERT INTO `tasks` (`id`, `created_dt`, `update_dt`, `author`, `text`, `xa1`, `ya1`, `za1`, `xa2`, `ya2`, `za2`, `xb1`, `yb1`, `zb1`, `xb2`, `yb2`, `zb2`, `xc1`, `yc1`, `zc1`, `xc2`, `yc2`, `zc2`, `xl1`, `yl1`, `zl1`, `xl2`, `yl2`, `zl2`, `answer`, `xl3`, `yl3`, `zl3`, `xl4`, `yl4`, `zl4`) VALUES
(1, '2020-11-30 10:34:42', '2020-11-30 10:34:42', 1, '\'ABCDEF - прямая призма. AB = BC = 5 см, AC = 6 см, AD = 10 см. Найдите объем призмы\'', -1, 0, 0, -1, 2, 0, 3, 0, 0, 3, 2, 0, 1, 0, 2, 1, 2, 2, 1, 0, 0, 1, 0, 2, '120', 101, 102, 103, 104, 105, 106),
(59, '2020-11-29 23:29:12', '2020-11-29 23:29:12', 1, 'Дано: A1;A2;B1;B2;C1;C2 - прямая призма. AB=BC=5, AC=6см, AD=10см. Найти: Объем призмы (см2)', -1, 0, 0, -1, 2, 0, 3, 0, 0, 3, 2, 0, 1, 0, 2, 1, 2, 2, 1, 0, 0, 1, 0, 2, '120', 0, 0, 1, 0, 0, 0),
(61, '2020-11-30 09:00:29', '2020-11-30 09:00:29', 3, 'Дано: A1;A2;B1;B2;C1:C2 - правильная треугольная призма. (A1;B2;C1)^(A1;B1;C1)=60 градусов. Найти: Обем призмы', -1, 0, 1, -1, 2, 1, 3, 0, 1, 3, 2, 1, 2, -1, 1, 2, 1, 1, -1, 0, 1, 3, 2, 1, '3√3/8*(C1;B1)^2', 2, -1, 1, 3, 2, 1),
(62, '2020-11-29 23:29:12', '2020-11-29 23:29:12', 1, 'Дано: A1;A2;B1;B2;C1;C2 - прямая призма. AB=BC=5, AC=6см, AD=10см. Найти: Объем призмы (см2)', -1, 0, 0, -1, 2, 0, 3, 0, 0, 3, 2, 0, 1, 0, 2, 1, 2, 2, 1, 0, 0, 1, 0, 2, '120', 0, 0, 1, 0, 0, 0),
(63, '2020-11-29 23:29:12', '2020-11-29 23:29:12', 1, 'Дано: A1;A2;B1;B2;C1;C2 - прямая призма. AB=BC=5, AC=6см, AD=10см. Найти: Объем призмы (см2)', -1, 0, 0, -1, 2, 0, 3, 0, 0, 3, 2, 0, 1, 0, 2, 1, 2, 2, 1, 0, 0, 1, 0, 2, '120', 0, 0, 1, 0, 0, 0),
(64, '2020-11-29 23:29:12', '2020-11-29 23:29:12', 1, 'Дано: A1;A2;B1;B2;C1;C2 - прямая призма. AB=BC=5, AC=6см, AD=10см. Найти: Объем призмы (см2)', -1, 0, 0, -1, 2, 0, 3, 0, 0, 3, 2, 0, 1, 0, 2, 1, 2, 2, 1, 0, 0, 1, 0, 2, '120', 0, 0, 1, 0, 0, 0),
(65, '2020-11-29 23:29:12', '2020-11-29 23:29:12', 2, 'Дано: A1;A2;B1;B2;C1;C2 - прямая призма. AB=BC=5, AC=6см, AD=10см. Найти: Объем призмы (см2)', -1, 0, 0, -1, 2, 0, 3, 0, 0, 3, 2, 0, 1, 0, 2, 1, 2, 2, 1, 0, 0, 1, 0, 2, '120', 0, 0, 1, 0, 0, 0),
(66, '2020-11-29 23:29:12', '2020-11-29 23:29:12', 2, 'Дано: A1;A2;B1;B2;C1;C2 - прямая призма. AB=BC=5, AC=6см, AD=10см. Найти: Объем призмы (см2)', -1, 0, 0, -1, 2, 0, 3, 0, 0, 3, 2, 0, 1, 0, 2, 1, 2, 2, 1, 0, 0, 1, 0, 2, '120', 0, 0, 1, 0, 0, 0),
(67, '2020-11-29 23:29:12', '2020-11-29 23:29:12', 2, 'Дано: A1;A2;B1;B2;C1;C2 - прямая призма. AB=BC=5, AC=6см, AD=10см. Найти: Объем призмы (см2)', -1, 0, 0, -1, 2, 0, 3, 0, 0, 3, 2, 0, 1, 0, 2, 1, 2, 2, 1, 0, 0, 1, 0, 2, '120', 0, 0, 1, 0, 0, 0),
(68, '2020-11-29 23:29:12', '2020-11-29 23:29:12', 2, 'Дано: A1;A2;B1;B2;C1;C2 - прямая призма. AB=BC=5, AC=6см, AD=10см. Найти: Объем призмы (см2)', -1, 0, 0, -1, 2, 0, 3, 0, 0, 3, 2, 0, 1, 0, 2, 1, 2, 2, 1, 0, 0, 1, 0, 2, '120', 0, 0, 1, 0, 0, 0),
(69, '2020-11-29 23:29:12', '2020-11-29 23:29:12', 2, 'Дано: A1;A2;B1;B2;C1;C2 - прямая призма. AB=BC=5, AC=6см, AD=10см. Найти: Объем призмы (см2)', -1, 0, 0, -1, 2, 0, 3, 0, 0, 3, 2, 0, 1, 0, 2, 1, 2, 2, 1, 0, 0, 1, 0, 2, '120', 0, 0, 1, 0, 0, 0),
(70, '2020-11-29 23:29:12', '2020-11-29 23:29:12', 2, 'Дано: A1;A2;B1;B2;C1;C2 - прямая призма. AB=BC=5, AC=6см, AD=10см. Найти: Объем призмы (см2)', -1, 0, 0, -1, 2, 0, 3, 0, 0, 3, 2, 0, 1, 0, 2, 1, 2, 2, 1, 0, 0, 1, 0, 2, '120', 0, 0, 1, 0, 0, 0),
(71, '2020-11-29 23:29:12', '2020-11-29 23:29:12', 1, 'Дано: A1;A2;B1;B2;C1;C2 - прямая призма. AB=BC=5, AC=6см, AD=10см. Найти: Объем призмы (см2)', -1, 0, 0, -1, 2, 0, 3, 0, 0, 3, 2, 0, 1, 0, 2, 1, 2, 2, 1, 0, 0, 1, 0, 2, '120', 0, 0, 1, 0, 0, 0),
(73, '2020-11-29 23:29:12', '2020-11-29 23:29:12', 3, 'Дано: A1;A2;B1;B2;C1;C2 - прямая призма. AB=BC=5, AC=6см, AD=10см. Найти: Объем призмы (см2)', -1, 0, 0, -1, 2, 0, 3, 0, 0, 3, 2, 0, 1, 0, 2, 1, 2, 2, 1, 0, 0, 1, 0, 2, '120', 0, 0, 1, 0, 0, 0),
(74, '2020-11-29 23:29:12', '2020-11-29 23:29:12', 3, 'Дано: A1;A2;B1;B2;C1;C2 - прямая призма. AB=BC=5, AC=6см, AD=10см. Найти: Объем призмы (см2)', -1, 0, 0, -1, 2, 0, 3, 0, 0, 3, 2, 0, 1, 0, 2, 1, 2, 2, 1, 0, 0, 1, 0, 2, '120', 0, 0, 1, 0, 0, 0),
(75, '2020-11-30 09:00:29', '2020-11-30 09:00:29', 3, 'Дано: A1;A2;B1;B2;C1:C2 - правильная треугольная призма. (A1;B2;C1)^(A1;B1;C1)=60 градусов. Найти: Обем призмы', -1, 0, 1, -1, 2, 1, 3, 0, 1, 3, 2, 1, 2, -1, 1, 2, 1, 1, -1, 0, 1, 3, 2, 1, '3√3/8*(C1;B1)^2', 2, -1, 1, 3, 2, 1),
(76, '2020-11-30 09:00:29', '2020-11-30 09:00:29', 3, 'Дано: A1;A2;B1;B2;C1:C2 - правильная треугольная призма. (A1;B2;C1)^(A1;B1;C1)=60 градусов. Найти: Обем призмы', -1, 0, 1, -1, 2, 1, 3, 0, 1, 3, 2, 1, 2, -1, 1, 2, 1, 1, -1, 0, 1, 3, 2, 1, '3√3/8*(C1;B1)^2', 2, -1, 1, 3, 2, 1),
(77, '2020-11-30 09:00:29', '2020-11-30 09:00:29', 3, 'Дано: A1;A2;B1;B2;C1:C2 - правильная треугольная призма. (A1;B2;C1)^(A1;B1;C1)=60 градусов. Найти: Обем призмы', -1, 0, 1, -1, 2, 1, 3, 0, 1, 3, 2, 1, 2, -1, 1, 2, 1, 1, -1, 0, 1, 3, 2, 1, '3√3/8*(C1;B1)^2', 2, -1, 1, 3, 2, 1),
(78, '2020-11-30 09:00:29', '2020-11-30 09:00:29', 3, 'Дано: A1;A2;B1;B2;C1:C2 - правильная треугольная призма. (A1;B2;C1)^(A1;B1;C1)=60 градусов. Найти: Обем призмы', -1, 0, 1, -1, 2, 1, 3, 0, 1, 3, 2, 1, 2, -1, 1, 2, 1, 1, -1, 0, 1, 3, 2, 1, '3√3/8*(C1;B1)^2', 2, -1, 1, 3, 2, 1),
(79, '2020-11-30 09:00:29', '2020-11-30 09:00:29', 3, 'Дано: A1;A2;B1;B2;C1:C2 - правильная треугольная призма. (A1;B2;C1)^(A1;B1;C1)=60 градусов. Найти: Обем призмы', -1, 0, 1, -1, 2, 1, 3, 0, 1, 3, 2, 1, 2, -1, 1, 2, 1, 1, -1, 0, 1, 3, 2, 1, '3√3/8*(C1;B1)^2', 2, -1, 1, 3, 2, 1),
(80, '2020-11-30 09:00:29', '2020-11-30 09:00:29', 3, 'Дано: A1;A2;B1;B2;C1:C2 - правильная треугольная призма. (A1;B2;C1)^(A1;B1;C1)=60 градусов. Найти: Обем призмы', -1, 0, 1, -1, 2, 1, 3, 0, 1, 3, 2, 1, 2, -1, 1, 2, 1, 1, -1, 0, 1, 3, 2, 1, '3√3/8*(C1;B1)^2', 2, -1, 1, 3, 2, 1),
(81, '2020-11-30 09:00:29', '2020-11-30 09:00:29', 1, 'Дано: A1;A2;B1;B2;C1:C2 - правильная треугольная призма. (A1;B2;C1)^(A1;B1;C1)=60 градусов. Найти: Обем призмы', -1, 0, 1, -1, 2, 1, 3, 0, 1, 3, 2, 1, 2, -1, 1, 2, 1, 1, -1, 0, 1, 3, 2, 1, '3√3/8*(C1;B1)^2', 2, -1, 1, 3, 2, 1),
(82, '2020-11-30 09:00:29', '2020-11-30 09:00:29', 1, 'Дано: A1;A2;B1;B2;C1:C2 - правильная треугольная призма. (A1;B2;C1)^(A1;B1;C1)=60 градусов. Найти: Обем призмы', -1, 0, 1, -1, 2, 1, 3, 0, 1, 3, 2, 1, 2, -1, 1, 2, 1, 1, -1, 0, 1, 3, 2, 1, '3√3/8*(C1;B1)^2', 2, -1, 1, 3, 2, 1),
(83, '2020-11-30 09:00:29', '2020-11-30 09:00:29', 1, 'Дано: A1;A2;B1;B2;C1:C2 - правильная треугольная призма. (A1;B2;C1)^(A1;B1;C1)=60 градусов. Найти: Обем призмы', -1, 0, 1, -1, 2, 1, 3, 0, 1, 3, 2, 1, 2, -1, 1, 2, 1, 1, -1, 0, 1, 3, 2, 1, '3√3/8*(C1;B1)^2', 2, -1, 1, 3, 2, 1),
(84, '2020-11-30 09:00:29', '2020-11-30 09:00:29', 1, 'Дано: A1;A2;B1;B2;C1:C2 - правильная треугольная призма. (A1;B2;C1)^(A1;B1;C1)=60 градусов. Найти: Обем призмы', -1, 0, 1, -1, 2, 1, 3, 0, 1, 3, 2, 1, 2, -1, 1, 2, 1, 1, -1, 0, 1, 3, 2, 1, '3√3/8*(C1;B1)^2', 2, -1, 1, 3, 2, 1),
(85, '2020-11-30 09:00:29', '2020-11-30 09:00:29', 2, 'Дано: A1;A2;B1;B2;C1:C2 - правильная треугольная призма. (A1;B2;C1)^(A1;B1;C1)=60 градусов. Найти: Обем призмы', -1, 0, 1, -1, 2, 1, 3, 0, 1, 3, 2, 1, 2, -1, 1, 2, 1, 1, -1, 0, 1, 3, 2, 1, '3√3/8*(C1;B1)^2', 2, -1, 1, 3, 2, 1),
(86, '2020-11-30 09:00:29', '2020-11-30 09:00:29', 2, 'Дано: A1;A2;B1;B2;C1:C2 - правильная треугольная призма. (A1;B2;C1)^(A1;B1;C1)=60 градусов. Найти: Обем призмы', -1, 0, 1, -1, 2, 1, 3, 0, 1, 3, 2, 1, 2, -1, 1, 2, 1, 1, -1, 0, 1, 3, 2, 1, '3√3/8*(C1;B1)^2', 2, -1, 1, 3, 2, 1),
(87, '2020-11-30 09:00:29', '2020-11-30 09:00:29', 1, 'Дано: A1;A2;B1;B2;C1:C2 - правильная треугольная призма. (A1;B2;C1)^(A1;B1;C1)=60 градусов. Найти: Обем призмы', -1, 0, 1, -1, 2, 1, 3, 0, 1, 3, 2, 1, 2, -1, 1, 2, 1, 1, -1, 0, 1, 3, 2, 1, '3√3/8*(C1;B1)^2', 2, -1, 1, 3, 2, 1),
(88, '2020-11-30 09:00:29', '2020-11-30 09:00:29', 1, 'Дано: A1;A2;B1;B2;C1:C2 - правильная треугольная призма. (A1;B2;C1)^(A1;B1;C1)=60 градусов. Найти: Обем призмы', -1, 0, 1, -1, 2, 1, 3, 0, 1, 3, 2, 1, 2, -1, 1, 2, 1, 1, -1, 0, 1, 3, 2, 1, '3√3/8*(C1;B1)^2', 2, -1, 1, 3, 2, 1),
(89, '2020-11-30 09:00:29', '2020-11-30 09:00:29', 1, 'Дано: A1;A2;B1;B2;C1:C2 - правильная треугольная призма. (A1;B2;C1)^(A1;B1;C1)=60 градусов. Найти: Обем призмы', -1, 0, 1, -1, 2, 1, 3, 0, 1, 3, 2, 1, 2, -1, 1, 2, 1, 1, -1, 0, 1, 3, 2, 1, '3√3/8*(C1;B1)^2', 2, -1, 1, 3, 2, 1);

-- --------------------------------------------------------

--
-- Структура таблицы `users`
--

CREATE TABLE `users` (
  `id` int(11) NOT NULL COMMENT 'Идентификатор',
  `email` varchar(150) COLLATE utf8mb4_unicode_ci NOT NULL COMMENT 'Электронный адрес',
  `password` varchar(150) COLLATE utf8mb4_unicode_ci NOT NULL COMMENT 'Пароль для входа в систему',
  `name` varchar(300) COLLATE utf8mb4_unicode_ci NOT NULL COMMENT 'Имя пользователя для входа в систему',
  `role` int(11) NOT NULL COMMENT 'Роль пользователя',
  `created_dt` datetime NOT NULL DEFAULT current_timestamp() COMMENT 'Дата создание записи',
  `update_dt` datetime NOT NULL DEFAULT current_timestamp() COMMENT 'Дата обновления записи',
  `group` int(11) NOT NULL DEFAULT 1 COMMENT 'Учебная группа'
) ENGINE=InnoDB DEFAULT CHARSET=utf8mb4 COLLATE=utf8mb4_unicode_ci COMMENT='Пользователи';

--
-- Дамп данных таблицы `users`
--

INSERT INTO `users` (`id`, `email`, `password`, `name`, `role`, `created_dt`, `update_dt`, `group`) VALUES
(1, 't1@mail.ru', '123', 'Иванов И.И.', 1, '2020-11-23 22:54:08', '2020-11-23 22:54:08', 1),
(2, 't2@mail.ru', '123', 'Петров П.П.', 1, '2020-11-23 22:54:08', '2020-11-23 22:54:08', 2),
(3, 't3@mail.ru', '123', 'Егоров Е.Е.', 1, '2020-11-23 22:54:08', '2020-11-23 22:54:08', 3),
(5, 's1@mail.ru', '123', 'Игров И.И.', 2, '2020-11-25 21:53:43', '2020-11-25 21:53:43', 1),
(8, 's2@mail.ru', '123', 'Петров Петр Петрович', 2, '2020-11-26 22:06:35', '2020-11-26 22:06:35', 2),
(9, 's3@mail.ru', '123', 'Петров Петр Петрович', 2, '2020-11-26 22:06:35', '2020-11-26 22:06:35', 2);

--
-- Индексы сохранённых таблиц
--

--
-- Индексы таблицы `answers`
--
ALTER TABLE `answers`
  ADD PRIMARY KEY (`id`);

--
-- Индексы таблицы `groups`
--
ALTER TABLE `groups`
  ADD PRIMARY KEY (`id`);

--
-- Индексы таблицы `roles`
--
ALTER TABLE `roles`
  ADD PRIMARY KEY (`id`);

--
-- Индексы таблицы `tasks`
--
ALTER TABLE `tasks`
  ADD PRIMARY KEY (`id`),
  ADD KEY `tasks_FK` (`author`);

--
-- Индексы таблицы `users`
--
ALTER TABLE `users`
  ADD PRIMARY KEY (`id`),
  ADD KEY `users_FK` (`role`),
  ADD KEY `users_FK_1` (`group`);

--
-- AUTO_INCREMENT для сохранённых таблиц
--

--
-- AUTO_INCREMENT для таблицы `answers`
--
ALTER TABLE `answers`
  MODIFY `id` int(11) NOT NULL AUTO_INCREMENT COMMENT 'Идентификатор', AUTO_INCREMENT=19;

--
-- AUTO_INCREMENT для таблицы `groups`
--
ALTER TABLE `groups`
  MODIFY `id` int(11) NOT NULL AUTO_INCREMENT COMMENT 'Идентификатор', AUTO_INCREMENT=11;

--
-- AUTO_INCREMENT для таблицы `roles`
--
ALTER TABLE `roles`
  MODIFY `id` int(11) NOT NULL AUTO_INCREMENT COMMENT 'Идентификатор', AUTO_INCREMENT=3;

--
-- AUTO_INCREMENT для таблицы `tasks`
--
ALTER TABLE `tasks`
  MODIFY `id` int(11) NOT NULL AUTO_INCREMENT COMMENT 'Идентификатор', AUTO_INCREMENT=92;

--
-- AUTO_INCREMENT для таблицы `users`
--
ALTER TABLE `users`
  MODIFY `id` int(11) NOT NULL AUTO_INCREMENT COMMENT 'Идентификатор', AUTO_INCREMENT=10;

--
-- Ограничения внешнего ключа сохраненных таблиц
--

--
-- Ограничения внешнего ключа таблицы `tasks`
--
ALTER TABLE `tasks`
  ADD CONSTRAINT `tasks_FK` FOREIGN KEY (`author`) REFERENCES `users` (`id`),
  ADD CONSTRAINT `tasks_FK_1` FOREIGN KEY (`author`) REFERENCES `users` (`id`);

--
-- Ограничения внешнего ключа таблицы `users`
--
ALTER TABLE `users`
  ADD CONSTRAINT `users_FK` FOREIGN KEY (`role`) REFERENCES `roles` (`id`),
  ADD CONSTRAINT `users_FK_1` FOREIGN KEY (`group`) REFERENCES `groups` (`id`);
COMMIT;

/*!40101 SET CHARACTER_SET_CLIENT=@OLD_CHARACTER_SET_CLIENT */;
/*!40101 SET CHARACTER_SET_RESULTS=@OLD_CHARACTER_SET_RESULTS */;
/*!40101 SET COLLATION_CONNECTION=@OLD_COLLATION_CONNECTION */;
